色情的,巴巴,南投國,吹吹
淫蕩的,鈺鈺,床上,掰開小穴
聰明的,阿花,馬桶,大便
無法自拔的,海神王王冠,比丘尼的金箍棒上,倒立吃麻辣鍋
光滑的,奶油餐包的肛門,在公園裡,榨甘蔗
壞掉的,大胸肌,馬里亞納海溝,搾甘蔗
特級,冰棒棍,越南,花式溜冰
勁爆的,嘻哈酷老頭,電視中,喝嚶料
藍黑色的,愛莉莎莎,艾恩格朗特,水平四方斬
ON9的,撚樣,在臭閪,屌老母
難過的,小明,房間,吃飯
難受的,皮皮,鮭魚的卵上,奔跑
想哭的,華生,馬路上,打滾
正義的,光之美少女,邪惡面前,變♀身♂
星爆的,桐人,克萊茵的頭上,使用星爆氣流斬
精蟲衝腦的,ㄇㄇㄅ,場外,大喊姆咪
亢奮的,神楓,汽車旅館,高潮
性慾高漲的,麵包蟲,廁所,大便
高深莫測的,霸主,你的留言區,做瑜珈
黑衣的,劍士,艾恩葛朗特,星爆
牛鬼蛇神的,伊卡,豬腳的房間裡,NTR豆腐
 ,熱狗, , 
jojo的,神奇海螺,在太空,打maimai
jojo的,杜芬舒斯,在深海的大鳳梨裡,介紹自己的終結者
淫蕩的,蔡英文,廁所,吃香蕉
奈米的,田聖傑,教室,口交
色氣的,蔡英文,辦公桌,幫你口交
左擁右抱的,奶油餐包大人,萬華,Happy
懷孕的,洨豆腐,哺乳室,喝ㄋㄟㄋㄟ
進平的,老二,馬桶裡,人獸交
相信魔法的,魔法少女,星光樂園,看小巷時光
雞掰的,小吉,車上,拉屎
快樂的,小明,路上,吃飯
浪漫的,霸主,樹屋,拉屎
淫蕩的,習維尼,集中營,吃屎
高潮的,Gura,洗衣機裡,吃飯
發情的,vt豚,艾恩葛朗特,瘋狂做菜
星爆的,夸黑,評論區,拉屎
可愛如姆咪的,ㄐㄐ,ㄐㄐ天堂,玩ㄐㄐ
好色的,姆咪,在場外,被噓爆
興奮的,Da Vinci,沙發下,撿肥皂
超快速,二刀流,艾因格朗特,星爆
生氣的,獅子王,萬華茶室,潮吹
燃燒的,韓導,阿嬤家,發大財
星爆的,栗子大人,車庫,買頭牛
綠到發霉,老子,留言處,校正回歸
飢渴的,洪秀柱,你腋下,打籃球
星爆的,小P,74層,彈鋼琴
驚訝的,穿山甲,路邊,走掉
奈米屌的,你,在地下室,被幹
色情的,破麻,妓院,做愛
可愛的,阿貓,洗手台,喝水
淫蕩的,洛琪希,你背後,瘋狂星爆
雌性高潮的,艾基爾,GGO,揮舞雙刀
難過的,老子直接,你評論區,校正回歸
ㄐㄐ,ㄐㄐ,ㄐㄐ,ㄐㄐ
星爆的,铜人,艾恩格朗克,挥16下
狡猾的,克萊茵,疾管署,榨甘蔗
宣傳剛寫的網站,fil12385ki,巴哈姆特,發文
啊嘿顏的,蘿莉香腸,金寶的懷裡,含香腸
藍黑的,肥桐,在露西亞的胸部上,水平四方斬
非常星爆的,脑包,虚空,喝精液
星爆的,桐人,艾恩葛朗特,使用星爆氣流斬
超级星爆的,你,电脑桌上,打手枪
不能登出的,桐谷和人,艾恩葛朗特,星爆氣流斬
硬爆的,大雄,紅魔館,自由搏擊
淫亂的,霸主,建國高中,幫馬英九打手槍
超级无敌星爆爆的,我,女朋友的大腿上,舔来舔去
噁心的,VT豚,在ina的額頭上,玩OOXX
惡臭的,小0a,場外休憩區,ㄎㄎ
色氣的,異音同學,場外,才華洋溢
/n,/n,/n,/n
閃耀的,田勝傑,暗巷,口爆
又臭又油,中共同路人,小圈圈,廚東方
藍黑的,Bus娜,洨豆腐的地下室,操到中華民國萬萬歲
快樂的,寶拉,床上,和樓下瘋狂做菜
飢渴的,洨豆腐,在火車上,甩屌
唯美的,比利海靈頓,休息室,男上加男
失神,妹妹,床上,噴水
支那的,小翠,膝蓋上,逼食
南投的,口交惡徒,74層,叫你吹
刺激的,演講,總統府,爆炸
欠揍的,詩音,直播裡,嘲諷你
我的,子白,幻想鄉,校正回歸
超載的,精液,場外,真空吸吮
裸體的,希銘,決鬥之中,超量召喚希望皇霍普
瘋狂的,卡車,立法院,衝撞
流浪,西瓜,玉山主峰,反共
神秘的,大tako,巴哈姆特,發大奶圖
神智不清,老高,眾人目光之下,玩弄自己的菊花
快樂的,肥宅,電腦桌前,喝肥宅快樂水
全世界的,國動,在瘋狗娛樂,ㄌㄌㄌㄌㄌㄌㄌㄌ
噁心的,東方廚,公園的角落,彈猴子ㄐㄐ
1/8/1的,塞希莉亞,巴哈姆特,偷窺
愉悅的,紫音小姐,水龍敬樂園,遊玩euphorua
抖M的,亞歷山大·夸黑,你媽的房間,射精
支那的,夸寶,直播路上,哭
生氣的,阿海,海邊,大便
變態的,奶油餐包大人,場外,榨甘蔗
星爆的,珈瑋,我家,愛愛
發瘋的,自己,一萬公尺高的山頂上,孤獨終老
可愛的,peko,家裡,直播
老二,瘋狂做愛,可愛的,唐希銘
無聊的,墮特,洗衣機上,墮胎
哇靠嘞！,哇靠嘞！,你阿嬤冰箱,...三小
巨屌,自慰,公共廁所,你媽媽
怕痛的,勝傑少年,不可名狀高中,地板動作
被冷落的,安堂JJ,露西亞的冰箱裡,暴打羽衣媽媽
轉守為攻的,機器叔叔,聊天室,ban人
真鹿的,奶油餐包大人,街上,榨甘蔗
口腔裡,抽插,跟洨一樣濃的,連戰
興奮的,小吉,留言區,田
星爆的,星爆氣流斬,星爆中,星爆
TSJ,TSJ,TSJ,TSJ
黑化勃起的,姐胴銖腳,在豆腐的小密室裡,A車
逼食,金寶叔叔,內湖,吃熱狗
欲求不滿的,甲甲,這層樓,幹翻樓上跟樓下
臭酸,寶拉,激吻的肥桐莎莎之間,瘋狂旋轉
沒人理你的,張肇勳,台中市忠明路路口,酒駕
48763,48763,74,16
狂喜的,ㄌㄌㄎ,小學廁所,午睡
姆咪的,姆咪,女子戰鬥學院裡,姆咪
痛苦的,我,房間裡,讀工程數學
糟糕的,李義祥,太魯閣上,開挖土機
欸偷偷給你說喔～~,王偉任,南投農畜中心,玩ㄐㄐ
羅曼蒂克的,菸卷,北漂近平的過長包皮,入珠
奇葩的,承恩,馬里亞納海溝,打球
受傷的,またねね,海裡,求救
欸！,...不對...,史瓦濟蘭,炒股票
無敵的,水下作業員,深海的大鳳梨裏,自在翱翔
臣亮言—,先帝,大霸尖山,溜蒼蠅
噁心的,ㄐㄐ,廁所,打手槍
安靜的,田勝傑,草屯,口交
老婆的,能天使鋼彈,北京,狂操習維尼
開幹的,戈登,油鍋裡,吃夏威夷披薩
星爆的,銅人,艾恩葛朗特,10秒16連擊
大和撫子般的,園田海未,南小鳥的擁抱中,臉色泛起紅暈
想紅的,老子直接,宇宙神遊,愛撫
崎嶇不平的,鼻毛外露大叔,北京猿人的腦中,翻雲覆雨
星爆的,雙刀,摩鐵,打砲
面臨財務危機的,海綿寶寶,金寶幫總部,肛交
性慾高漲的,和真,吉田家,舉辦雞雞盛典
我的,卯咪,陽台,姆咪
更快的,蟑螂,再不分,抓蟑螂
桐谷,和人,講台上,喘氣
想尿尿的,楊尚昆,天安門廣場,用坦克輾壓人民
活耀的,𨨏元素,化學元素表,求關注
雌墮的,木下秀吉,阿福的棒棒下,高潮迭起
嬌豔欲滴的,人血饅頭,大笨鐘的分針上,為子祈禱
抽不到卡的,星街彗星,among us,大開殺戒
汗流浹背的,爺爺,農田裡,耕耘
130kg的,我,FF37,買同人誌
一畢業就失業的,舞棍阿伯,燈塔照耀下,離奇死亡
不久於世的,乾癟老奶奶,維冠大樓中,奇蹟復活
為情所困的,爆改凱迪拉克,轉不停的機械停車塔,引發大規模爆炸
龜頭思考的,無敵星星馬力歐,在天堂路上,磨擦龜頭
愉快的的,阿明,床上,口
氣急敗壞的,阿夸,你媽靈堂,放火
高潮的,小峻,床上,做菜
幹到失神的,桐人,床上,痙攣抽搐
全裸的,蘿莉,床上,睡覺
黎明,山,城牆,
10,687,123,16
超肥,威爾,馬桶裡,開庭
<b>,<b>,<b>,<b>
難過的,雞蛋,廁所,剝殼
金輪暴的,猴子,機廳,打sdvx
不知廉恥的,樓上跟樓下,公共廁所,幹翻樓主
很油的,わため,直播上,跳脫衣舞
三小啊！,你媽,床上,被狗幹
操控時間的,時崎狂三,五河士道懷裡,喇舌
他媽的,奶油餐包,甘蔗店,屁眼搾甘蔗
病嬌的,砂糖醬,房間裡,砍人
很戲劇化的,茂場晶彥,在艾恩格朗特,幹肥肥桐
3毫米的,我,自備宅,剁掉
87的,你,74層,星爆
使用星爆中的,他,總統辦公室裡,拉屎
情慾流動的,哈姆雷特,維京海盜的內褲中,端火鍋
他媽的,零戰52式,蘆洲火車站火字底下,等你
發情的,小玉,在水裡,爆衣
天真的,NENE海豹,水池裡,嗷嗷嗷
依依不捨的,防火水母,拇指姑娘的拇指上,釋放人質
生氣的,破貓,公園,打手槍
榨甘蔗的,克萊恩,高鐵上,真鹿
淫蕩的,ㄅㄊ,圖書館,抽插
朝思暮想的,牛頓棺材板,地層下陷的方艙醫院,練習魔神的右手
醉醺醺的,西園寺mary,直播裡,唱歌
無依無靠的,確診病人,毒氣室,餵公子吃餅
始亂終棄的,WWE衛冕冠軍,百萬小學堂的學生眼中,拆除炸彈
靠爸的,tsj,學校,咬
害怕的,萊納,艾主席面前,坐下
一觸即發的,RGB香菜,滾筒洗衣機正上方,二段跳
未成年的,𡈨𠀿,𡈨所,𠀿𠀿𠀿
巨大的,奶子,那裡,晃蕩
被催眠的,可可蘿,床上,學狗叫
士林,星野源,野區,打砲
沒刷牙的,環保少女心中,轉速破萬的吊扇上,哭到勃起
從不說謊的,小林村村長,蔣公銅像的大腿上,壽終正寢
老態龍鍾的,徐志摩的老爸,康橋,臥軌自殺
骨灰極的,沾屎衛生紙,愛神邱比特的箭尖,單腳拉屎
大奶,菈米,草原上,裸奔
色氣的,挖他咩,天花板,尻尻
肚子餓的,偽娘,捷運站,超頻連線
狂暴的,走路草,草叢,跳舞
欲求不滿的,小傑,床上,大喊夯莪嫑停
爽快的,屁眼,總統府,尻尻
歇斯底里的,喬魯諾喬巴拿,水裡,使出黃金體驗
傷心的,ねね,小七,脫衣服
可悲的,4v人,隔壁鄰居的威脅下,用愛發電
不犯罪的,朱雪璋里長,草屯,肛交
反社會的,時曲同學,松山高中,反社會
可愛的,中共同路人,南投,吃造型薯餅
快樂的,小夸,你留言區,Q走
不太妙的,你媽,萬華的街道,確診
好,縣,池,買
好玩ㄉ,ㄐㄐ,場外,壓扁
噁心的,ㄐㄐ,天上,搖擺
辣到脫肛,只會幹您娘的腦殘,噴水池正中央,辱華
變態的,田勝傑,警察局,強迫口交
想哭的,小豪,鮭魚,跳舞
淫蕩的,王希銘,太魯閣號,被當球打
悠遊自在的,人大概都會,九龍半島公園,刷地板
脫肛的,熊頭,地下室,舔著蘿莉的腋毛
我沒,投,你家,炸薯條
垃圾的,機師,防疫旅館裡,咳嗽
封閉的,687,下水道,打手槍
神經的,外科醫生,孩子們的快樂天堂,大跳八家將
創新的/ln,陳金寶,員山運動公園,發動速攻魔法
大量的,不可以,青年發展協會,討論工程數學
ㄐㄐ很小的,小豐,婚禮上,說自己ㄐㄐ很小
色色,學長,宿舍,踩朋朋
綠色的,淋萎,幻想世界,做假資料
被下春藥的,小龍女,大棒棒的淫威下,屈服
中國的,主席,武漢,染疫
臃腫的,肥桐,地上,姆咪
くそビッチ的,星川莎拉,直播中,被腹擊
成功快樂又致富的,王希銘,廢墟,拉屎在塑膠袋
放空的,HEHE,水庫上,泛舟
無可救藥的,內衣店怪盜,化裝舞會飲料中,衝破防線
禿頭的,魔鬼海膽,旋轉的芭蕾舞者腳上,高速移動
白金色的,無照空中巴士司機,前往西天取經的路上,不幸身亡
欸你知道嗎？,其實是我啦～,你心裡,是這樣嗎？
年事已高的,豬哥亮,小鬼的派對上,結伴同行
如臨大敵的,蔥爆牛肉,在向右看齊的隊伍中,飛車追逐
瘋狗的,國棟,召喚峽谷,瘋狂送頭
扶他的,田勝傑,你家,口交
性致勃勃的,習主席,電線桿旁,連結
萬能的,菠蘿麵包,網路上,稽查
社恐的,阿夸,APEX,Q走
不知廉恥的,外國政客,世界,散佈謠言
1,2,3,4
你媽的,小雞雞,海上,旋轉
致命的,青蛙,地下監牢,傳火
權威的,田小傑,旭光高中,給我吹
2342,2342342,2324234,2322241412
吸毒的,蔡英文,阿公店,打炮
無恥的,蔡英文,總統府,發廢文
性感的,0a,操場,大桶特桶
超直白的,你阿嬤,殯儀館,覺得你餓
雞掰的,你爸的兒子,地府,蠕動
欲求不滿的,霸主,中華路二段,下西洋棋
畏罪自殺的,海豚鼻孔,老子的眼皮底下,共創三國霸業
